CREATE TABLE [dbo].[APPOINTMENT](
	[APPOINTMENT_ID] [varchar](50) NOT NULL,
	[APPOINTMENT_NO] [varchar](50) NULL,
	[APPOINTMENT_DATE] [datetime] NULL,
	[DOCTOR_ID] [varchar](50) NOT NULL,
	[PATIENT_ID] [varchar](50) NOT NULL,
 CONSTRAINT [PK_APPOINTMENT] PRIMARY KEY CLUSTERED 
(
	[APPOINTMENT_ID] ASC
)WITH (PAD_INDEX = OFF, STATISTICS_NORECOMPUTE = OFF, IGNORE_DUP_KEY = OFF, ALLOW_ROW_LOCKS = ON, ALLOW_PAGE_LOCKS = ON, OPTIMIZE_FOR_SEQUENTIAL_KEY = OFF) ON [PRIMARY]
) ON [PRIMARY]
GO

INSERT [dbo].[APPOINTMENT] ([APPOINTMENT_ID], [APPOINTMENT_NO], [APPOINTMENT_DATE], [DOCTOR_ID], [PATIENT_ID]) VALUES (N'A001', N'AN001', CAST(N'2022-02-01T00:00:00.000' AS DateTime), N'D001', N'P001')
GO
INSERT [dbo].[APPOINTMENT] ([APPOINTMENT_ID], [APPOINTMENT_NO], [APPOINTMENT_DATE], [DOCTOR_ID], [PATIENT_ID]) VALUES (N'A002', N'AN002', CAST(N'2022-03-01T00:00:00.000' AS DateTime), N'D002', N'P002')
GO
INSERT [dbo].[APPOINTMENT] ([APPOINTMENT_ID], [APPOINTMENT_NO], [APPOINTMENT_DATE], [DOCTOR_ID], [PATIENT_ID]) VALUES (N'A003', N'AN003', CAST(N'2022-03-01T00:00:00.000' AS DateTime), N'D003', N'P003')
GO
INSERT [dbo].[APPOINTMENT] ([APPOINTMENT_ID], [APPOINTMENT_NO], [APPOINTMENT_DATE], [DOCTOR_ID], [PATIENT_ID]) VALUES (N'A004', N'AN004', CAST(N'2022-04-01T00:00:00.000' AS DateTime), N'D004', N'P004')
GO
INSERT [dbo].[APPOINTMENT] ([APPOINTMENT_ID], [APPOINTMENT_NO], [APPOINTMENT_DATE], [DOCTOR_ID], [PATIENT_ID]) VALUES (N'A005', N'AN005', CAST(N'2022-02-01T00:00:00.000' AS DateTime), N'D005', N'P005')
GO
INSERT [dbo].[APPOINTMENT] ([APPOINTMENT_ID], [APPOINTMENT_NO], [APPOINTMENT_DATE], [DOCTOR_ID], [PATIENT_ID]) VALUES (N'A006', N'AN006', CAST(N'2022-03-01T00:00:00.000' AS DateTime), N'D006', N'P006')
GO
INSERT [dbo].[APPOINTMENT] ([APPOINTMENT_ID], [APPOINTMENT_NO], [APPOINTMENT_DATE], [DOCTOR_ID], [PATIENT_ID]) VALUES (N'A007', N'AN007', CAST(N'2022-03-01T00:00:00.000' AS DateTime), N'D007', N'P007')
GO
INSERT [dbo].[APPOINTMENT] ([APPOINTMENT_ID], [APPOINTMENT_NO], [APPOINTMENT_DATE], [DOCTOR_ID], [PATIENT_ID]) VALUES (N'A008', N'AN008', CAST(N'2022-04-01T00:00:00.000' AS DateTime), N'D008', N'P008')
GO
INSERT [dbo].[APPOINTMENT] ([APPOINTMENT_ID], [APPOINTMENT_NO], [APPOINTMENT_DATE], [DOCTOR_ID], [PATIENT_ID]) VALUES (N'A009', N'AN009', CAST(N'2022-02-01T00:00:00.000' AS DateTime), N'D009', N'P009')
GO
INSERT [dbo].[APPOINTMENT] ([APPOINTMENT_ID], [APPOINTMENT_NO], [APPOINTMENT_DATE], [DOCTOR_ID], [PATIENT_ID]) VALUES (N'A010', N'AN010', CAST(N'2022-03-01T00:00:00.000' AS DateTime), N'D010', N'P010')
GO
INSERT [dbo].[APPOINTMENT] ([APPOINTMENT_ID], [APPOINTMENT_NO], [APPOINTMENT_DATE], [DOCTOR_ID], [PATIENT_ID]) VALUES (N'A011', N'AN011', CAST(N'2022-03-01T00:00:00.000' AS DateTime), N'D011', N'P011')
GO
INSERT [dbo].[APPOINTMENT] ([APPOINTMENT_ID], [APPOINTMENT_NO], [APPOINTMENT_DATE], [DOCTOR_ID], [PATIENT_ID]) VALUES (N'A012', N'AN012', CAST(N'2022-04-01T00:00:00.000' AS DateTime), N'D012', N'P012')
GO


CREATE TABLE [dbo].[BILL](
	[BILL_ID] [varchar](50) NOT NULL,
	[MEDICINE_CHARGE] [float] NULL,
	[LAB_CHARGE] [float] NULL,
	[DOCTOR_CHARGE] [float] NULL,
	[PATIENT_ID] [varchar](50) NOT NULL,
 CONSTRAINT [PK_BILL] PRIMARY KEY CLUSTERED 
(
	[BILL_ID] ASC
)WITH (PAD_INDEX = OFF, STATISTICS_NORECOMPUTE = OFF, IGNORE_DUP_KEY = OFF, ALLOW_ROW_LOCKS = ON, ALLOW_PAGE_LOCKS = ON, OPTIMIZE_FOR_SEQUENTIAL_KEY = OFF) ON [PRIMARY]
) ON [PRIMARY]
GO

INSERT [dbo].[BILL] ([BILL_ID], [MEDICINE_CHARGE], [LAB_CHARGE], [DOCTOR_CHARGE], [PATIENT_ID]) VALUES (N'B001', 10, 10, 10, N'P001')
GO
INSERT [dbo].[BILL] ([BILL_ID], [MEDICINE_CHARGE], [LAB_CHARGE], [DOCTOR_CHARGE], [PATIENT_ID]) VALUES (N'B002', 20, 20, 20, N'P002')
GO
INSERT [dbo].[BILL] ([BILL_ID], [MEDICINE_CHARGE], [LAB_CHARGE], [DOCTOR_CHARGE], [PATIENT_ID]) VALUES (N'B003', 20, 20, 20, N'P003')
GO
INSERT [dbo].[BILL] ([BILL_ID], [MEDICINE_CHARGE], [LAB_CHARGE], [DOCTOR_CHARGE], [PATIENT_ID]) VALUES (N'B004', 20, 20, 20, N'P004')
GO
INSERT [dbo].[BILL] ([BILL_ID], [MEDICINE_CHARGE], [LAB_CHARGE], [DOCTOR_CHARGE], [PATIENT_ID]) VALUES (N'B005', 10, 10, 10, N'P005')
GO
INSERT [dbo].[BILL] ([BILL_ID], [MEDICINE_CHARGE], [LAB_CHARGE], [DOCTOR_CHARGE], [PATIENT_ID]) VALUES (N'B006', 20, 20, 20, N'P006')
GO
INSERT [dbo].[BILL] ([BILL_ID], [MEDICINE_CHARGE], [LAB_CHARGE], [DOCTOR_CHARGE], [PATIENT_ID]) VALUES (N'B007', 20, 20, 20, N'P007')
GO
INSERT [dbo].[BILL] ([BILL_ID], [MEDICINE_CHARGE], [LAB_CHARGE], [DOCTOR_CHARGE], [PATIENT_ID]) VALUES (N'B008', 20, 20, 20, N'P008')
GO
INSERT [dbo].[BILL] ([BILL_ID], [MEDICINE_CHARGE], [LAB_CHARGE], [DOCTOR_CHARGE], [PATIENT_ID]) VALUES (N'B009', 10, 10, 10, N'P009')
GO
INSERT [dbo].[BILL] ([BILL_ID], [MEDICINE_CHARGE], [LAB_CHARGE], [DOCTOR_CHARGE], [PATIENT_ID]) VALUES (N'B010', 20, 20, 20, N'P010')
GO
INSERT [dbo].[BILL] ([BILL_ID], [MEDICINE_CHARGE], [LAB_CHARGE], [DOCTOR_CHARGE], [PATIENT_ID]) VALUES (N'B011', 20, 20, 20, N'P011')
GO
INSERT [dbo].[BILL] ([BILL_ID], [MEDICINE_CHARGE], [LAB_CHARGE], [DOCTOR_CHARGE], [PATIENT_ID]) VALUES (N'B012', 20, 20, 20, N'P012')
GO


CREATE TABLE [dbo].[DOCTOR](
	[DOCTOR_ID] [varchar](50) NOT NULL,
	[FIRST_NAME] [varchar](50) NULL,
	[LAST_NAME] [varchar](50) NULL,
	[SPECIALIST] [varchar](50) NULL,
 CONSTRAINT [PK_DOCTOR] PRIMARY KEY CLUSTERED 
(
	[DOCTOR_ID] ASC
)WITH (PAD_INDEX = OFF, STATISTICS_NORECOMPUTE = OFF, IGNORE_DUP_KEY = OFF, ALLOW_ROW_LOCKS = ON, ALLOW_PAGE_LOCKS = ON, OPTIMIZE_FOR_SEQUENTIAL_KEY = OFF) ON [PRIMARY]
) ON [PRIMARY]
GO

INSERT [dbo].[DOCTOR] ([DOCTOR_ID], [FIRST_NAME], [LAST_NAME], [SPECIALIST]) VALUES (N'D001', N'OLALEKAN', N'DAMILOLA', N'CARDIOLOGY')
GO
INSERT [dbo].[DOCTOR] ([DOCTOR_ID], [FIRST_NAME], [LAST_NAME], [SPECIALIST]) VALUES (N'D002', N'EMMANUEL', N'OPARAGI', N'NEUROLOGY')
GO
INSERT [dbo].[DOCTOR] ([DOCTOR_ID], [FIRST_NAME], [LAST_NAME], [SPECIALIST]) VALUES (N'D003', N'OLAOYE', N'DAGOGO', N'SURGERY')
GO
INSERT [dbo].[DOCTOR] ([DOCTOR_ID], [FIRST_NAME], [LAST_NAME], [SPECIALIST]) VALUES (N'D004', N'TEMILADE', N'IBEKUNLE', N'GYNECOLOGY')
GO
INSERT [dbo].[DOCTOR] ([DOCTOR_ID], [FIRST_NAME], [LAST_NAME], [SPECIALIST]) VALUES (N'D005', N'DADA', N'MALU', N'RADIOLOGY')
GO
INSERT [dbo].[DOCTOR] ([DOCTOR_ID], [FIRST_NAME], [LAST_NAME], [SPECIALIST]) VALUES (N'D006', N'RARA', N'DAFALAN', N'DENTIST')
GO
INSERT [dbo].[DOCTOR] ([DOCTOR_ID], [FIRST_NAME], [LAST_NAME], [SPECIALIST]) VALUES (N'D007', N'JUNGLE', N'JUSTICE', N'OPTICEAN')
GO
INSERT [dbo].[DOCTOR] ([DOCTOR_ID], [FIRST_NAME], [LAST_NAME], [SPECIALIST]) VALUES (N'D008', N'OLA', N'IRETI', N'PEDIATRICS')
GO
INSERT [dbo].[DOCTOR] ([DOCTOR_ID], [FIRST_NAME], [LAST_NAME], [SPECIALIST]) VALUES (N'D009', N'BABA', N'AINIPEKUN', N'OPHTHALMOLOGY')
GO
INSERT [dbo].[DOCTOR] ([DOCTOR_ID], [FIRST_NAME], [LAST_NAME], [SPECIALIST]) VALUES (N'D010', N'IKENNA', N'DONDE', N'DENTIST')
GO
INSERT [dbo].[DOCTOR] ([DOCTOR_ID], [FIRST_NAME], [LAST_NAME], [SPECIALIST]) VALUES (N'D011', N'TURAKI', N'XELOPANE', N'PEDETRICIAN')
GO
INSERT [dbo].[DOCTOR] ([DOCTOR_ID], [FIRST_NAME], [LAST_NAME], [SPECIALIST]) VALUES (N'D012', N'OLU', N'MUMU', N'PEDETRICIAN')
GO


CREATE TABLE [dbo].[INPATIENT](
	[PATIENT_ID] [varchar](50) NOT NULL,
	[NURSE_ID] [varchar](50) NOT NULL,
 CONSTRAINT [PK_INPATIENT] PRIMARY KEY CLUSTERED 
(
	[PATIENT_ID] ASC
)WITH (PAD_INDEX = OFF, STATISTICS_NORECOMPUTE = OFF, IGNORE_DUP_KEY = OFF, ALLOW_ROW_LOCKS = ON, ALLOW_PAGE_LOCKS = ON, OPTIMIZE_FOR_SEQUENTIAL_KEY = OFF) ON [PRIMARY]
) ON [PRIMARY]
GO

INSERT [dbo].[INPATIENT] ([PATIENT_ID], [NURSE_ID]) VALUES (N'P001', N'N001')
GO
INSERT [dbo].[INPATIENT] ([PATIENT_ID], [NURSE_ID]) VALUES (N'P002', N'N002')
GO
INSERT [dbo].[INPATIENT] ([PATIENT_ID], [NURSE_ID]) VALUES (N'P003', N'N003')
GO
INSERT [dbo].[INPATIENT] ([PATIENT_ID], [NURSE_ID]) VALUES (N'P004', N'N004')
GO
INSERT [dbo].[INPATIENT] ([PATIENT_ID], [NURSE_ID]) VALUES (N'P005', N'N005')
GO
INSERT [dbo].[INPATIENT] ([PATIENT_ID], [NURSE_ID]) VALUES (N'P006', N'N006')
GO
INSERT [dbo].[INPATIENT] ([PATIENT_ID], [NURSE_ID]) VALUES (N'P007', N'N007')
GO
INSERT [dbo].[INPATIENT] ([PATIENT_ID], [NURSE_ID]) VALUES (N'P008', N'N008')
GO
INSERT [dbo].[INPATIENT] ([PATIENT_ID], [NURSE_ID]) VALUES (N'P009', N'N009')
GO
INSERT [dbo].[INPATIENT] ([PATIENT_ID], [NURSE_ID]) VALUES (N'P010', N'N010')
GO
INSERT [dbo].[INPATIENT] ([PATIENT_ID], [NURSE_ID]) VALUES (N'P011', N'N011')
GO
INSERT [dbo].[INPATIENT] ([PATIENT_ID], [NURSE_ID]) VALUES (N'P012', N'N012')
GO



CREATE TABLE [dbo].[LABORATORY](
	[LAB_ID] [varchar](50) NOT NULL,
	[PATIENT_ID] [varchar](50) NOT NULL,
	[TEST_TYPE] [varchar](50) NULL,
	[TEST_RESULT] [varchar](50) NULL,
	[DOCTOR_ID] [varchar](50) NOT NULL,
 CONSTRAINT [PK_LABORATORY] PRIMARY KEY CLUSTERED 
(
	[LAB_ID] ASC
)WITH (PAD_INDEX = OFF, STATISTICS_NORECOMPUTE = OFF, IGNORE_DUP_KEY = OFF, ALLOW_ROW_LOCKS = ON, ALLOW_PAGE_LOCKS = ON, OPTIMIZE_FOR_SEQUENTIAL_KEY = OFF) ON [PRIMARY]
) ON [PRIMARY]
GO

INSERT [dbo].[LABORATORY] ([LAB_ID], [PATIENT_ID], [TEST_TYPE], [TEST_RESULT], [DOCTOR_ID]) VALUES (N'L001', N'P001', N'TYPOID', N'NEGATIVE', N'D001')
GO
INSERT [dbo].[LABORATORY] ([LAB_ID], [PATIENT_ID], [TEST_TYPE], [TEST_RESULT], [DOCTOR_ID]) VALUES (N'L002', N'P002', N'MALARIA', N'POSITIVE', N'D002')
GO
INSERT [dbo].[LABORATORY] ([LAB_ID], [PATIENT_ID], [TEST_TYPE], [TEST_RESULT], [DOCTOR_ID]) VALUES (N'L003', N'P003', N'DIABETICS', N'POSITIVE', N'D003')
GO
INSERT [dbo].[LABORATORY] ([LAB_ID], [PATIENT_ID], [TEST_TYPE], [TEST_RESULT], [DOCTOR_ID]) VALUES (N'L004', N'P004', N'DIABETICS', N'POSITIVE', N'D004')
GO
INSERT [dbo].[LABORATORY] ([LAB_ID], [PATIENT_ID], [TEST_TYPE], [TEST_RESULT], [DOCTOR_ID]) VALUES (N'L005', N'P005', N'TYPOID', N'NEGATIVE', N'D005')
GO
INSERT [dbo].[LABORATORY] ([LAB_ID], [PATIENT_ID], [TEST_TYPE], [TEST_RESULT], [DOCTOR_ID]) VALUES (N'L006', N'P006', N'MALARIA', N'POSITIVE', N'D006')
GO
INSERT [dbo].[LABORATORY] ([LAB_ID], [PATIENT_ID], [TEST_TYPE], [TEST_RESULT], [DOCTOR_ID]) VALUES (N'L007', N'P007', N'DIABETICS', N'POSITIVE', N'D007')
GO
INSERT [dbo].[LABORATORY] ([LAB_ID], [PATIENT_ID], [TEST_TYPE], [TEST_RESULT], [DOCTOR_ID]) VALUES (N'L008', N'P008', N'DIABETICS', N'POSITIVE', N'D008')
GO
INSERT [dbo].[LABORATORY] ([LAB_ID], [PATIENT_ID], [TEST_TYPE], [TEST_RESULT], [DOCTOR_ID]) VALUES (N'L009', N'P009', N'TYPOID', N'NEGATIVE', N'D009')
GO
INSERT [dbo].[LABORATORY] ([LAB_ID], [PATIENT_ID], [TEST_TYPE], [TEST_RESULT], [DOCTOR_ID]) VALUES (N'L010', N'P010', N'MALARIA', N'POSITIVE', N'D010')
GO
INSERT [dbo].[LABORATORY] ([LAB_ID], [PATIENT_ID], [TEST_TYPE], [TEST_RESULT], [DOCTOR_ID]) VALUES (N'L011', N'P011', N'DIABETICS', N'POSITIVE', N'D011')
GO
INSERT [dbo].[LABORATORY] ([LAB_ID], [PATIENT_ID], [TEST_TYPE], [TEST_RESULT], [DOCTOR_ID]) VALUES (N'L012', N'P012', N'DIABETICS', N'POSITIVE', N'D012')
GO


CREATE TABLE [dbo].[MEDICALREPORT](
	[MED_REP_ID] [varchar](50) NOT NULL,
	[PATIENT_ID] [varchar](50) NOT NULL,
	[DOCTOR_ID] [varchar](50) NOT NULL,
	[DIAGNOSIS] [varchar](50) NULL,
 CONSTRAINT [PK_MEDICALREPORT] PRIMARY KEY CLUSTERED 
(
	[MED_REP_ID] ASC
)WITH (PAD_INDEX = OFF, STATISTICS_NORECOMPUTE = OFF, IGNORE_DUP_KEY = OFF, ALLOW_ROW_LOCKS = ON, ALLOW_PAGE_LOCKS = ON, OPTIMIZE_FOR_SEQUENTIAL_KEY = OFF) ON [PRIMARY]
) ON [PRIMARY]
GO

INSERT [dbo].[MEDICALREPORT] ([MED_REP_ID], [PATIENT_ID], [DOCTOR_ID], [DIAGNOSIS]) VALUES (N'M001', N'P001', N'D001', N'THPOID')
GO
INSERT [dbo].[MEDICALREPORT] ([MED_REP_ID], [PATIENT_ID], [DOCTOR_ID], [DIAGNOSIS]) VALUES (N'M002', N'P002', N'D002', N'MALARIA')
GO
INSERT [dbo].[MEDICALREPORT] ([MED_REP_ID], [PATIENT_ID], [DOCTOR_ID], [DIAGNOSIS]) VALUES (N'M003', N'P003', N'D003', N'DIABETICS')
GO
INSERT [dbo].[MEDICALREPORT] ([MED_REP_ID], [PATIENT_ID], [DOCTOR_ID], [DIAGNOSIS]) VALUES (N'M004', N'P004', N'D004', N'DIABETICS')
GO
INSERT [dbo].[MEDICALREPORT] ([MED_REP_ID], [PATIENT_ID], [DOCTOR_ID], [DIAGNOSIS]) VALUES (N'M005', N'P005', N'D005', N'THPOID')
GO
INSERT [dbo].[MEDICALREPORT] ([MED_REP_ID], [PATIENT_ID], [DOCTOR_ID], [DIAGNOSIS]) VALUES (N'M006', N'P006', N'D006', N'MALARIA')
GO
INSERT [dbo].[MEDICALREPORT] ([MED_REP_ID], [PATIENT_ID], [DOCTOR_ID], [DIAGNOSIS]) VALUES (N'M007', N'P007', N'D007', N'DIABETICS')
GO
INSERT [dbo].[MEDICALREPORT] ([MED_REP_ID], [PATIENT_ID], [DOCTOR_ID], [DIAGNOSIS]) VALUES (N'M008', N'P008', N'D008', N'DIABETICS')
GO
INSERT [dbo].[MEDICALREPORT] ([MED_REP_ID], [PATIENT_ID], [DOCTOR_ID], [DIAGNOSIS]) VALUES (N'M009', N'P009', N'D009', N'THPOID')
GO
INSERT [dbo].[MEDICALREPORT] ([MED_REP_ID], [PATIENT_ID], [DOCTOR_ID], [DIAGNOSIS]) VALUES (N'M010', N'P010', N'D010', N'MALARIA')
GO
INSERT [dbo].[MEDICALREPORT] ([MED_REP_ID], [PATIENT_ID], [DOCTOR_ID], [DIAGNOSIS]) VALUES (N'M011', N'P011', N'D011', N'DIABETICS')
GO
INSERT [dbo].[MEDICALREPORT] ([MED_REP_ID], [PATIENT_ID], [DOCTOR_ID], [DIAGNOSIS]) VALUES (N'M012', N'P012', N'D012', N'DIABETICS')
GO



CREATE TABLE [dbo].[MEDICINE](
	[MEDICINE_ID] [varchar](50) NOT NULL,
	[MEDICINE_NAME] [varchar](50) NULL,
	[PATIENT_ID] [varchar](50) NOT NULL,
 CONSTRAINT [PK_MEDICINE] PRIMARY KEY CLUSTERED 
(
	[MEDICINE_ID] ASC
)WITH (PAD_INDEX = OFF, STATISTICS_NORECOMPUTE = OFF, IGNORE_DUP_KEY = OFF, ALLOW_ROW_LOCKS = ON, ALLOW_PAGE_LOCKS = ON, OPTIMIZE_FOR_SEQUENTIAL_KEY = OFF) ON [PRIMARY]
) ON [PRIMARY]
GO

INSERT [dbo].[MEDICINE] ([MEDICINE_ID], [MEDICINE_NAME], [PATIENT_ID]) VALUES (N'M001', N'ANTIBIOTICS', N'P001')
GO
INSERT [dbo].[MEDICINE] ([MEDICINE_ID], [MEDICINE_NAME], [PATIENT_ID]) VALUES (N'M002', N'CHLOROQUENE', N'P002')
GO
INSERT [dbo].[MEDICINE] ([MEDICINE_ID], [MEDICINE_NAME], [PATIENT_ID]) VALUES (N'M003', N'DIADRUGS', N'P003')
GO
INSERT [dbo].[MEDICINE] ([MEDICINE_ID], [MEDICINE_NAME], [PATIENT_ID]) VALUES (N'M004', N'DIADRUGS', N'P004')
GO
INSERT [dbo].[MEDICINE] ([MEDICINE_ID], [MEDICINE_NAME], [PATIENT_ID]) VALUES (N'M005', N'ANTIBIOTICS', N'P005')
GO
INSERT [dbo].[MEDICINE] ([MEDICINE_ID], [MEDICINE_NAME], [PATIENT_ID]) VALUES (N'M006', N'CHLOROQUENE', N'P006')
GO
INSERT [dbo].[MEDICINE] ([MEDICINE_ID], [MEDICINE_NAME], [PATIENT_ID]) VALUES (N'M007', N'DIADRUGS', N'P007')
GO
INSERT [dbo].[MEDICINE] ([MEDICINE_ID], [MEDICINE_NAME], [PATIENT_ID]) VALUES (N'M008', N'DIADRUGS', N'P008')
GO
INSERT [dbo].[MEDICINE] ([MEDICINE_ID], [MEDICINE_NAME], [PATIENT_ID]) VALUES (N'M009', N'ANTIBIOTICS', N'P009')
GO
INSERT [dbo].[MEDICINE] ([MEDICINE_ID], [MEDICINE_NAME], [PATIENT_ID]) VALUES (N'M010', N'CHLOROQUENE', N'P010')
GO
INSERT [dbo].[MEDICINE] ([MEDICINE_ID], [MEDICINE_NAME], [PATIENT_ID]) VALUES (N'M011', N'DIADRUGS', N'P011')
GO
INSERT [dbo].[MEDICINE] ([MEDICINE_ID], [MEDICINE_NAME], [PATIENT_ID]) VALUES (N'M012', N'DIADRUGS', N'P012')
GO



CREATE TABLE [dbo].[NURSEs](
	[NURSE_ID] [varchar](50) NOT NULL,
	[FIRST_NAME] [varchar](50) NULL,
	[LAST_NAME] [varchar](50) NULL,
	[PATIENT_ID] [varchar](50) NULL,
	[DOCTOR_ID] [varchar](50) NOT NULL,
 CONSTRAINT [PK_NURSEs] PRIMARY KEY CLUSTERED 
(
	[NURSE_ID] ASC
)WITH (PAD_INDEX = OFF, STATISTICS_NORECOMPUTE = OFF, IGNORE_DUP_KEY = OFF, ALLOW_ROW_LOCKS = ON, ALLOW_PAGE_LOCKS = ON, OPTIMIZE_FOR_SEQUENTIAL_KEY = OFF) ON [PRIMARY]
) ON [PRIMARY]
GO

INSERT [dbo].[NURSEs] ([NURSE_ID], [FIRST_NAME], [LAST_NAME], [PATIENT_ID], [DOCTOR_ID]) VALUES (N'N001', N'GRACE', N'DAMOGBE', N'P001', N'D001')
GO
INSERT [dbo].[NURSEs] ([NURSE_ID], [FIRST_NAME], [LAST_NAME], [PATIENT_ID], [DOCTOR_ID]) VALUES (N'N002', N'BLESSING', N'EUGENE', N'P002', N'D002')
GO
INSERT [dbo].[NURSEs] ([NURSE_ID], [FIRST_NAME], [LAST_NAME], [PATIENT_ID], [DOCTOR_ID]) VALUES (N'N003', N'TITI', N'AGBAKA', N'P003', N'D003')
GO
INSERT [dbo].[NURSEs] ([NURSE_ID], [FIRST_NAME], [LAST_NAME], [PATIENT_ID], [DOCTOR_ID]) VALUES (N'N004', N'OSO', N'DARE', N'P004', N'D004')
GO
INSERT [dbo].[NURSEs] ([NURSE_ID], [FIRST_NAME], [LAST_NAME], [PATIENT_ID], [DOCTOR_ID]) VALUES (N'N005', N'GRACE', N'DAMOGBE', N'P005', N'D005')
GO
INSERT [dbo].[NURSEs] ([NURSE_ID], [FIRST_NAME], [LAST_NAME], [PATIENT_ID], [DOCTOR_ID]) VALUES (N'N006', N'BLESSING', N'EUGENE', N'P006', N'D006')
GO
INSERT [dbo].[NURSEs] ([NURSE_ID], [FIRST_NAME], [LAST_NAME], [PATIENT_ID], [DOCTOR_ID]) VALUES (N'N007', N'TITI', N'AGBAKA', N'P007', N'D007')
GO
INSERT [dbo].[NURSEs] ([NURSE_ID], [FIRST_NAME], [LAST_NAME], [PATIENT_ID], [DOCTOR_ID]) VALUES (N'N008', N'OSO', N'DARE', N'P008', N'D008')
GO
INSERT [dbo].[NURSEs] ([NURSE_ID], [FIRST_NAME], [LAST_NAME], [PATIENT_ID], [DOCTOR_ID]) VALUES (N'N009', N'GRACE', N'DAMOGBE', N'P009', N'D009')
GO
INSERT [dbo].[NURSEs] ([NURSE_ID], [FIRST_NAME], [LAST_NAME], [PATIENT_ID], [DOCTOR_ID]) VALUES (N'N010', N'BLESSING', N'EUGENE', N'P010', N'D010')
GO
INSERT [dbo].[NURSEs] ([NURSE_ID], [FIRST_NAME], [LAST_NAME], [PATIENT_ID], [DOCTOR_ID]) VALUES (N'N011', N'TITI', N'AGBAKA', N'P011', N'D011')
GO
INSERT [dbo].[NURSEs] ([NURSE_ID], [FIRST_NAME], [LAST_NAME], [PATIENT_ID], [DOCTOR_ID]) VALUES (N'N012', N'OSO', N'DARE', N'P012', N'D012')
GO



CREATE TABLE [dbo].[OUTPATIENT](
	[PATIENT_ID] [varchar](50) NOT NULL,
	[ROOM_ID] [varchar](50) NOT NULL,
	[DISCHARGE_DATE] [varchar](50) NULL,
	[NURSE_ID] [varchar](50) NOT NULL,
 CONSTRAINT [PK_OUTPATIENT] PRIMARY KEY CLUSTERED 
(
	[PATIENT_ID] ASC
)WITH (PAD_INDEX = OFF, STATISTICS_NORECOMPUTE = OFF, IGNORE_DUP_KEY = OFF, ALLOW_ROW_LOCKS = ON, ALLOW_PAGE_LOCKS = ON, OPTIMIZE_FOR_SEQUENTIAL_KEY = OFF) ON [PRIMARY]
) ON [PRIMARY]
GO

INSERT [dbo].[OUTPATIENT] ([PATIENT_ID], [ROOM_ID], [DISCHARGE_DATE], [NURSE_ID]) VALUES (N'P001', N'R001', N'2022-01-02 00:00:00', N'N001')
GO
INSERT [dbo].[OUTPATIENT] ([PATIENT_ID], [ROOM_ID], [DISCHARGE_DATE], [NURSE_ID]) VALUES (N'P002', N'R002', N'2022-01-02 00:00:00', N'N002')
GO
INSERT [dbo].[OUTPATIENT] ([PATIENT_ID], [ROOM_ID], [DISCHARGE_DATE], [NURSE_ID]) VALUES (N'P003', N'R003', N'2022-01-02 00:00:00', N'N003')
GO
INSERT [dbo].[OUTPATIENT] ([PATIENT_ID], [ROOM_ID], [DISCHARGE_DATE], [NURSE_ID]) VALUES (N'P004', N'R004', N'2022-01-02 00:00:01', N'N004')
GO
INSERT [dbo].[OUTPATIENT] ([PATIENT_ID], [ROOM_ID], [DISCHARGE_DATE], [NURSE_ID]) VALUES (N'P005', N'R005', N'2022-01-02 00:00:00', N'N005')
GO
INSERT [dbo].[OUTPATIENT] ([PATIENT_ID], [ROOM_ID], [DISCHARGE_DATE], [NURSE_ID]) VALUES (N'P006', N'R006', N'2022-01-02 00:00:00', N'N006')
GO
INSERT [dbo].[OUTPATIENT] ([PATIENT_ID], [ROOM_ID], [DISCHARGE_DATE], [NURSE_ID]) VALUES (N'P007', N'R007', N'2022-01-02 00:00:01', N'N007')
GO
INSERT [dbo].[OUTPATIENT] ([PATIENT_ID], [ROOM_ID], [DISCHARGE_DATE], [NURSE_ID]) VALUES (N'P008', N'R008', N'2022-01-02 00:00:01', N'N008')
GO
INSERT [dbo].[OUTPATIENT] ([PATIENT_ID], [ROOM_ID], [DISCHARGE_DATE], [NURSE_ID]) VALUES (N'P009', N'R009', N'2022-01-02 00:00:00', N'N009')
GO
INSERT [dbo].[OUTPATIENT] ([PATIENT_ID], [ROOM_ID], [DISCHARGE_DATE], [NURSE_ID]) VALUES (N'P010', N'R010', N'2022-01-02 00:00:00', N'N010')
GO
INSERT [dbo].[OUTPATIENT] ([PATIENT_ID], [ROOM_ID], [DISCHARGE_DATE], [NURSE_ID]) VALUES (N'P011', N'R011', N'2022-01-02 00:00:01', N'N011')
GO
INSERT [dbo].[OUTPATIENT] ([PATIENT_ID], [ROOM_ID], [DISCHARGE_DATE], [NURSE_ID]) VALUES (N'P012', N'R012', N'2022-01-02 00:00:01', N'N012')
GO


CREATE TABLE [dbo].[PATIENT](
	[PATIENT_ID] [varchar](50) NOT NULL,
	[FIRST_NAME] [varchar](50) NULL,
	[LAST_NAME] [varchar](50) NULL,
	[GENDER] [varchar](50) NULL,
	[PHONE_NO] [float] NULL,
	[DOB] [datetime] NULL,
	[NURSE_ID] [varchar](50) NOT NULL,
 CONSTRAINT [PK_PATIENT] PRIMARY KEY CLUSTERED 
(
	[PATIENT_ID] ASC
)WITH (PAD_INDEX = OFF, STATISTICS_NORECOMPUTE = OFF, IGNORE_DUP_KEY = OFF, ALLOW_ROW_LOCKS = ON, ALLOW_PAGE_LOCKS = ON, OPTIMIZE_FOR_SEQUENTIAL_KEY = OFF) ON [PRIMARY]
) ON [PRIMARY]
GO

INSERT [dbo].[PATIENT] ([PATIENT_ID], [FIRST_NAME], [LAST_NAME], [GENDER], [PHONE_NO], [DOB], [NURSE_ID]) VALUES (N'P001', N'OLALEKAN', N'OLADIPUPO', N'M', 9035821096, CAST(N'1977-02-28T00:00:00.000' AS DateTime), N'N001')
GO
INSERT [dbo].[PATIENT] ([PATIENT_ID], [FIRST_NAME], [LAST_NAME], [GENDER], [PHONE_NO], [DOB], [NURSE_ID]) VALUES (N'P002', N'TOLULOPE', N'DAMILARE', N'F', 9035821908, CAST(N'1977-02-28T00:00:00.000' AS DateTime), N'N002')
GO
INSERT [dbo].[PATIENT] ([PATIENT_ID], [FIRST_NAME], [LAST_NAME], [GENDER], [PHONE_NO], [DOB], [NURSE_ID]) VALUES (N'P003', N'ALADA', N'DEMORU', N'M', 9005544444, CAST(N'1998-03-25T00:00:00.000' AS DateTime), N'N003')
GO
INSERT [dbo].[PATIENT] ([PATIENT_ID], [FIRST_NAME], [LAST_NAME], [GENDER], [PHONE_NO], [DOB], [NURSE_ID]) VALUES (N'P004', N'TEMITOPE', N'IBEKUNLE', N'M', 9006644444, CAST(N'1998-03-25T00:00:00.000' AS DateTime), N'N004')
GO
INSERT [dbo].[PATIENT] ([PATIENT_ID], [FIRST_NAME], [LAST_NAME], [GENDER], [PHONE_NO], [DOB], [NURSE_ID]) VALUES (N'P005', N'IRE', N'IBRU', N'M', 9007744444, CAST(N'1977-02-28T00:00:00.000' AS DateTime), N'N005')
GO
INSERT [dbo].[PATIENT] ([PATIENT_ID], [FIRST_NAME], [LAST_NAME], [GENDER], [PHONE_NO], [DOB], [NURSE_ID]) VALUES (N'P006', N'DAYO', N'LALONGE', N'F', 9028844444, CAST(N'1977-02-28T00:00:00.000' AS DateTime), N'N006')
GO
INSERT [dbo].[PATIENT] ([PATIENT_ID], [FIRST_NAME], [LAST_NAME], [GENDER], [PHONE_NO], [DOB], [NURSE_ID]) VALUES (N'P007', N'TITI', N'OMUKE', N'M', 9089944444, CAST(N'1998-03-25T00:00:00.000' AS DateTime), N'N007')
GO
INSERT [dbo].[PATIENT] ([PATIENT_ID], [FIRST_NAME], [LAST_NAME], [GENDER], [PHONE_NO], [DOB], [NURSE_ID]) VALUES (N'P008', N'MAMDE', N'GIDI', N'M', 9067044444, CAST(N'1998-03-25T00:00:00.000' AS DateTime), N'N008')
GO
INSERT [dbo].[PATIENT] ([PATIENT_ID], [FIRST_NAME], [LAST_NAME], [GENDER], [PHONE_NO], [DOB], [NURSE_ID]) VALUES (N'P009', N'DACKLA', N'DARA', N'M', 9005444444, CAST(N'1977-02-28T00:00:00.000' AS DateTime), N'N009')
GO
INSERT [dbo].[PATIENT] ([PATIENT_ID], [FIRST_NAME], [LAST_NAME], [GENDER], [PHONE_NO], [DOB], [NURSE_ID]) VALUES (N'P010', N'DEDE', N'IFE', N'F', 9664444444, CAST(N'1977-02-28T00:00:00.000' AS DateTime), N'N010')
GO
INSERT [dbo].[PATIENT] ([PATIENT_ID], [FIRST_NAME], [LAST_NAME], [GENDER], [PHONE_NO], [DOB], [NURSE_ID]) VALUES (N'P011', N'IFU', N'MARTHINS', N'M', 9324444444, CAST(N'1998-03-25T00:00:00.000' AS DateTime), N'N011')
GO
INSERT [dbo].[PATIENT] ([PATIENT_ID], [FIRST_NAME], [LAST_NAME], [GENDER], [PHONE_NO], [DOB], [NURSE_ID]) VALUES (N'P012', N'IGE', N'GODSWILL', N'M', 9764444444, CAST(N'1998-03-25T00:00:00.000' AS DateTime), N'N012')
GO


CREATE TABLE [dbo].[ROOM](
	[ROOM_ID] [varchar](50) NOT NULL,
	[ROOM_NO] [varchar](50) NOT NULL,
	[PATIENT_ID] [varchar](50) NULL,
	[ROOM_TYPE] [varchar](50) NOT NULL,
 CONSTRAINT [PK_ROOM] PRIMARY KEY CLUSTERED 
(
	[ROOM_ID] ASC
)WITH (PAD_INDEX = OFF, STATISTICS_NORECOMPUTE = OFF, IGNORE_DUP_KEY = OFF, ALLOW_ROW_LOCKS = ON, ALLOW_PAGE_LOCKS = ON, OPTIMIZE_FOR_SEQUENTIAL_KEY = OFF) ON [PRIMARY]
) ON [PRIMARY]
GO

INSERT [dbo].[ROOM] ([ROOM_ID], [ROOM_NO], [PATIENT_ID], [ROOM_TYPE]) VALUES (N'R001', N'N001', N'P001', N'SINGLE')
GO
INSERT [dbo].[ROOM] ([ROOM_ID], [ROOM_NO], [PATIENT_ID], [ROOM_TYPE]) VALUES (N'R002', N'N002', N'P002', N'DOUBLE')
GO
INSERT [dbo].[ROOM] ([ROOM_ID], [ROOM_NO], [PATIENT_ID], [ROOM_TYPE]) VALUES (N'R003', N'N003', N'P003', N'DOUBLE')
GO
INSERT [dbo].[ROOM] ([ROOM_ID], [ROOM_NO], [PATIENT_ID], [ROOM_TYPE]) VALUES (N'R004', N'N004', N'P004', N'DOUBLE')
GO
INSERT [dbo].[ROOM] ([ROOM_ID], [ROOM_NO], [PATIENT_ID], [ROOM_TYPE]) VALUES (N'R005', N'N005', N'P005', N'SINGLE')
GO
INSERT [dbo].[ROOM] ([ROOM_ID], [ROOM_NO], [PATIENT_ID], [ROOM_TYPE]) VALUES (N'R006', N'N006', N'P006', N'DOUBLE')
GO
INSERT [dbo].[ROOM] ([ROOM_ID], [ROOM_NO], [PATIENT_ID], [ROOM_TYPE]) VALUES (N'R007', N'N007', N'P007', N'DOUBLE')
GO
INSERT [dbo].[ROOM] ([ROOM_ID], [ROOM_NO], [PATIENT_ID], [ROOM_TYPE]) VALUES (N'R008', N'N008', N'P008', N'DOUBLE')
GO
INSERT [dbo].[ROOM] ([ROOM_ID], [ROOM_NO], [PATIENT_ID], [ROOM_TYPE]) VALUES (N'R009', N'N009', N'P009', N'SINGLE')
GO
INSERT [dbo].[ROOM] ([ROOM_ID], [ROOM_NO], [PATIENT_ID], [ROOM_TYPE]) VALUES (N'R010', N'N010', N'P010', N'DOUBLE')
GO
INSERT [dbo].[ROOM] ([ROOM_ID], [ROOM_NO], [PATIENT_ID], [ROOM_TYPE]) VALUES (N'R011', N'N011', N'P011', N'DOUBLE')
GO
INSERT [dbo].[ROOM] ([ROOM_ID], [ROOM_NO], [PATIENT_ID], [ROOM_TYPE]) VALUES (N'R012', N'N012', N'P012', N'DOUBLE')
GO

